Customer_ID,Actual,Predicted
4874,0,0
1880,0,0
8050,0,0
2012,0,0
1150,0,0
10970,0,0
9622,0,0
1773,0,0
1395,0,0
9302,0,0
5857,0,0
1391,0,0
2429,0,0
5958,0,0
3679,0,0
8407,0,0
1105,0,0
6748,0,0
7041,0,0
5963,0,0
7426,0,0
11713,0,0
7727,0,0
7559,0,0
1533,0,0
3437,0,0
5999,1,0
11773,0,0
3971,0,0
9891,0,0
4069,0,0
8013,0,0
4657,0,0
8431,0,0
3899,0,0
5380,0,0
1027,0,0
5358,0,0
1186,0,0
9130,0,0
11180,0,0
7935,0,0
6184,0,0
11547,0,0
5790,0,0
3243,0,0
259,0,0
11133,0,0
8555,0,0
2228,0,0
703,0,0
3882,0,0
2006,0,0
3551,0,0
9433,0,0
5901,0,0
9581,0,0
4335,0,0
3621,0,0
10416,0,0
2450,0,0
6207,0,0
3986,0,0
8536,0,0
8332,0,0
4444,0,0
7467,0,0
11184,0,0
4760,0,0
2452,0,0
3215,0,0
6635,0,0
5927,0,0
8173,0,0
3926,0,0
9607,0,0
11203,0,0
11651,0,0
3830,0,0
7659,0,0
8590,0,0
7822,0,0
6426,0,0
7806,0,0
4057,0,0
5341,0,0
7792,0,0
164,0,0
11123,0,0
10550,0,0
4990,0,0
2789,0,0
5897,0,0
4715,0,0
2461,0,0
10975,0,0
4754,0,0
2039,0,0
1002,0,0
2635,0,0
8781,0,0
5122,0,0
11110,0,0
11070,0,0
11358,1,0
2929,0,0
6950,0,0
7906,0,0
1409,0,0
1104,0,0
11023,1,0
4938,0,0
4506,1,0
9041,0,0
8892,0,0
1878,0,0
8201,1,0
10791,0,0
9443,0,0
7775,0,0
9163,0,0
1224,0,0
352,0,0
7655,0,0
8515,1,0
5889,1,0
1549,0,0
10861,0,0
4639,0,0
2628,0,0
11416,1,0
3766,0,0
4821,0,0
3624,0,0
1142,0,0
7454,0,0
7563,0,0
5095,0,0
3697,0,0
11079,0,0
4362,0,0
10896,0,0
4732,0,0
9618,0,0
7296,0,0
8759,0,0
4154,0,0
3658,0,0
165,0,0
2772,0,0
607,0,0
6637,0,0
6559,0,0
5114,0,0
4678,0,0
2662,0,0
2692,0,0
1308,0,0
4309,0,0
1353,0,0
11069,0,0
4169,1,0
10572,0,0
3833,0,0
3761,0,0
994,0,0
4377,1,0
8009,0,0
1090,0,0
3889,0,0
1705,0,0
8027,0,0
5916,0,0
11383,0,0
2187,0,0
8349,0,0
1827,0,0
7684,0,0
1383,0,0
7313,0,0
11638,0,0
5150,0,0
10334,1,0
8752,0,0
9417,0,0
4565,0,0
5486,0,0
366,1,0
1278,0,0
1854,0,0
9772,0,0
1740,0,0
5780,0,0
5450,0,0
728,1,0
3844,1,0
9085,0,0
7427,0,0
8702,1,0
6651,0,0
9633,0,0
4195,0,0
6362,0,0
1987,1,0
4942,0,0
5084,0,0
6761,0,0
2554,1,0
5721,0,0
7951,0,0
59,0,0
3788,0,0
9842,0,0
6665,0,0
6627,0,0
2836,0,0
7233,1,0
2230,0,0
5160,0,0
8257,0,0
2248,1,0
5049,0,0
11404,0,0
11400,0,0
453,0,0
633,1,0
3341,0,0
4149,0,0
3532,0,0
9160,0,0
5022,0,0
6496,1,0
11045,0,0
10149,1,0
8287,0,0
1801,0,0
8853,0,0
5105,0,0
7005,0,0
2655,0,0
8229,0,0
9159,0,0
10090,0,0
4971,0,0
2022,0,0
9872,0,0
6186,0,0
2732,0,0
6897,0,0
1669,0,0
2861,0,0
512,0,0
5547,0,0
7045,0,0
3123,0,0
3634,1,0
3136,0,0
2050,0,0
3197,0,0
1173,0,0
5591,0,0
247,0,0
10658,0,0
58,0,0
10757,0,0
8390,0,0
11769,0,0
4554,1,0
942,0,0
7678,0,0
8070,0,0
11344,1,0
5598,0,0
5472,0,0
2150,0,0
10011,0,0
5437,1,0
7180,0,0
2718,0,0
7412,0,0
3734,0,0
8337,0,0
8406,0,0
7861,0,0
9077,0,0
6440,0,0
3075,0,0
947,0,0
429,0,0
11509,0,0
1489,0,0
10203,0,0
7197,0,0
11370,0,0
2360,0,0
1389,0,0
5912,0,0
9671,0,0
906,0,0
1262,0,0
8951,0,0
5968,0,0
3053,0,0
3649,0,0
6410,0,0
4010,0,0
11028,0,0
1728,0,0
3474,0,0
5392,0,0
6597,0,0
1658,0,0
7122,1,0
11765,0,0
4338,0,0
10971,0,0
417,0,0
7108,0,0
10933,0,0
3025,0,0
1029,0,0
9601,0,0
2715,0,0
86,0,0
8056,0,0
9206,1,0
2289,0,0
175,0,0
10672,1,0
10604,0,0
762,0,0
10376,0,0
98,0,0
128,0,0
9501,0,0
11381,0,0
5558,0,0
3121,0,0
5346,0,0
7275,0,0
7677,0,0
11498,0,0
10139,0,0
1453,0,0
11292,0,0
5440,0,0
11247,1,0
392,0,0
4034,1,0
4955,0,0
2035,0,0
10980,0,0
11742,0,0
7835,0,0
11109,0,0
6128,0,0
10564,0,0
8185,0,0
10856,0,0
9753,0,0
9505,0,0
10984,0,0
3457,1,0
7885,0,0
8359,0,0
7536,0,0
403,0,0
10819,1,0
340,0,0
5681,0,0
42,0,0
7679,0,0
622,0,0
1879,0,0
8609,1,0
11743,0,0
2638,0,0
1874,0,0
2837,0,0
4722,0,0
2215,0,0
2227,0,0
1022,1,0
9099,0,0
5371,0,0
5143,1,0
8870,0,0
7503,0,0
8911,0,0
9908,0,0
5932,0,0
4517,0,0
11304,0,0
1859,0,0
3746,0,0
9529,1,0
2503,0,0
6242,0,0
380,0,0
8583,0,0
6204,1,0
7909,0,0
4138,1,0
7954,0,0
7933,0,0
1789,0,0
7178,0,0
3002,0,0
3496,0,0
9903,0,0
1074,0,0
1701,0,0
1965,0,0
1871,0,0
8212,0,0
3158,0,0
4441,0,0
10448,0,0
11367,0,0
11016,0,0
9048,0,0
2125,0,0
11514,0,0
6844,0,0
11689,0,0
6134,0,0
8413,0,0
3285,0,0
3725,0,0
3088,0,0
2373,0,0
2197,0,0
8884,0,0
4422,0,0
8964,0,0
3571,0,0
2367,0,0
6238,0,0
9391,0,0
3323,0,0
3333,0,0
3677,0,0
1381,0,0
6234,0,0
5991,0,0
11263,0,0
10493,0,0
10820,1,0
4806,0,0
11453,0,0
3597,0,0
781,0,0
5818,1,0
226,0,0
7433,1,0
11359,0,0
4663,0,0
10209,0,0
1081,0,0
10176,0,0
8429,0,0
1455,0,0
7373,0,0
1117,0,0
8233,0,0
439,0,0
10188,0,0
11510,0,0
10217,0,0
5549,0,0
9982,0,0
6735,0,0
2458,0,0
1819,0,0
3334,0,0
8662,0,0
8561,0,0
4836,0,0
743,0,0
6325,1,0
11127,1,0
2102,0,0
672,0,0
4711,0,0
8737,0,0
5732,0,0
854,0,0
9313,0,0
10761,0,0
11414,0,0
7703,0,0
1562,0,0
8002,0,0
7356,0,0
4877,0,0
5666,0,0
10539,0,0
11711,0,0
1674,0,0
14,0,0
11756,0,0
1070,0,0
7575,0,0
11135,1,0
8680,1,0
6556,0,0
1083,1,0
6998,0,0
109,0,0
3478,0,0
146,0,0
5642,0,0
5701,0,0
7543,0,0
10976,0,0
7847,0,0
11593,1,0
2390,0,0
2090,0,0
2721,0,0
7423,0,0
8538,0,0
8122,0,0
2506,1,0
7668,0,0
4903,0,0
4681,1,0
11397,0,0
3317,0,0
1419,0,0
584,0,0
4701,0,0
8694,0,0
7837,1,0
10502,1,0
11669,0,0
9634,0,0
2068,0,0
9345,0,0
3127,0,0
1530,0,0
9396,0,0
3978,0,0
7090,0,0
5793,0,0
455,0,0
9997,0,0
5711,0,0
7637,0,0
1066,0,0
1752,0,0
8292,0,0
1392,0,0
8078,0,0
6353,0,0
9270,0,0
3802,1,0
7086,0,0
11476,0,0
5299,0,0
6577,0,0
5632,0,0
298,1,0
6214,0,0
7293,0,0
2442,0,0
824,1,0
5408,0,0
8482,0,0
6803,0,0
11531,0,0
8430,0,0
951,0,0
646,0,0
7139,0,0
3447,0,0
9817,0,0
8159,0,0
11221,0,0
10527,0,0
2008,0,0
3823,0,0
7315,0,0
8489,0,0
9349,0,0
8100,0,0
3554,0,0
6996,0,0
7365,0,0
10568,0,0
3388,0,0
3067,0,0
3776,1,0
2405,0,0
10536,0,0
6107,0,0
4190,0,0
10022,0,0
7205,1,0
2996,0,0
7829,0,0
10951,0,0
263,1,0
521,0,0
1206,0,0
4208,0,0
4625,1,0
4947,0,0
9284,0,0
216,0,0
5333,0,0
700,0,0
10632,0,0
10341,0,0
8947,0,0
3909,0,0
6224,0,0
7071,0,0
4416,1,0
2385,0,0
2810,1,0
6281,0,0
8758,0,0
8308,1,0
5366,0,0
5776,0,0
8551,0,0
5185,0,0
2018,1,0
11488,0,0
1571,0,0
6905,0,0
6640,0,0
6188,0,0
9941,0,0
11007,1,0
7054,1,0
738,0,0
9081,1,0
8260,0,0
3146,0,0
7801,1,0
9822,0,0
11392,0,0
794,0,0
9922,0,0
9438,0,0
4962,0,0
7740,0,0
9570,0,0
385,0,0
2166,0,0
7099,0,0
4617,0,0
10417,0,0
6150,0,0
5353,0,0
6721,0,0
2315,0,0
1069,0,0
5191,0,0
7696,0,0
9951,0,0
3609,0,0
11770,0,0
3712,0,0
10584,0,0
8685,0,0
335,0,0
7144,0,0
7152,0,0
3401,0,0
3416,0,0
5356,0,0
5705,0,0
138,0,0
10960,0,0
2954,0,0
7486,0,0
7437,0,0
666,0,0
9406,0,0
328,0,0
7924,0,0
9052,0,0
2874,1,0
2157,1,0
1296,0,0
7119,1,0
4747,0,0
3074,0,0
9140,0,0
9262,0,0
8715,0,0
9932,0,0
6417,0,0
587,0,0
5864,0,0
2065,0,0
5311,0,0
5769,1,0
634,0,0
7591,0,0
3009,0,0
4764,0,0
2209,0,0
277,0,0
6282,0,0
1650,1,0
7499,0,0
2880,0,0
7592,0,0
10023,0,0
8919,0,0
3929,1,0
8530,0,0
5021,0,0
11187,0,0
5905,0,0
3733,0,0
1058,0,0
10969,0,0
11206,0,0
10630,0,0
5961,0,0
87,0,0
11734,0,0
3767,0,0
1078,0,0
1885,0,0
7929,0,0
10186,0,0
150,0,0
11369,0,0
2767,0,0
5544,0,0
4516,0,0
1554,0,0
1328,1,0
7339,0,0
4217,0,0
10767,0,0
1837,0,0
4323,0,0
11617,0,0
8172,0,0
5395,1,0
5812,0,0
6701,0,0
7354,0,0
10481,1,0
2847,0,0
560,0,0
8206,0,0
10384,0,0
10580,1,0
8943,0,0
11004,0,0
11512,0,0
682,0,0
9167,0,0
2445,0,0
4040,0,0
4109,0,0
697,0,0
4491,0,0
4247,0,0
1816,0,0
1734,0,0
9675,0,0
8792,0,0
1023,0,0
5860,0,0
11467,0,0
283,0,0
8797,0,0
7505,0,0
10867,0,0
5663,1,0
10112,0,0
10046,1,0
4165,0,0
640,0,0
4075,1,0
11385,0,0
10145,0,0
10616,0,0
2000,0,0
9950,0,0
5740,0,0
880,0,0
5615,0,0
4073,0,0
6081,0,0
9199,0,0
5866,0,0
11268,0,0
3306,0,0
8231,0,0
6601,0,0
734,0,0
8749,0,0
3611,0,0
7284,1,0
6082,0,0
3990,0,0
8111,0,0
6822,0,0
5909,0,0
2644,0,0
8637,0,0
11609,0,0
8897,0,0
8729,0,0
3274,0,0
4196,0,0
2680,0,0
3514,0,0
6728,0,0
6040,1,0
9096,0,0
2392,0,0
1964,0,0
10534,0,0
2795,0,0
8600,0,0
4809,0,0
1251,0,0
4025,0,0
1131,0,0
4133,0,0
6278,0,0
11566,0,0
9484,1,0
6466,0,0
3718,0,0
3565,0,0
5202,0,0
1464,0,0
2459,0,0
2477,0,0
6533,0,0
1901,0,0
10884,0,0
5513,0,0
3793,0,0
2994,0,0
10981,0,0
7781,0,0
10637,1,0
918,0,0
7783,0,0
2188,0,0
2667,1,0
2634,0,0
6227,0,0
6180,0,0
6988,0,0
1889,0,0
5846,0,0
11637,0,0
4965,0,0
9669,1,0
5,0,0
10387,0,0
427,1,0
5791,0,0
9039,0,0
9708,0,0
178,0,0
7921,0,0
8799,0,0
7855,0,0
6009,0,0
8858,0,0
10103,0,0
3650,0,0
1501,1,0
6953,0,0
3104,0,0
7556,0,0
5131,1,0
4824,1,0
4472,0,0
8982,0,0
198,1,0
10708,0,0
8064,0,0
365,0,0
545,0,0
309,0,0
4600,0,0
5364,0,0
8063,0,0
3380,0,0
6447,0,0
4078,0,0
4608,0,0
17,0,0
6952,0,0
1136,0,0
976,0,0
1547,0,0
8654,0,0
4059,0,0
8894,0,0
2003,1,0
5076,0,0
7964,0,0
5270,1,0
9222,1,0
11621,0,0
4359,0,0
6884,0,0
7159,0,0
6828,0,0
7367,0,0
4001,1,0
10700,0,0
6352,0,0
7409,0,0
10242,0,0
8932,1,0
3922,0,0
9115,0,0
1786,0,0
3260,0,0
9703,0,0
3715,0,0
9658,0,0
9697,0,0
6458,0,0
4872,0,0
1484,1,0
7470,1,0
8839,0,0
9938,0,0
9841,0,0
4922,0,0
7802,0,0
10064,0,0
6397,0,0
7227,0,0
1332,0,0
5014,0,0
4033,1,0
6467,0,0
3184,0,0
5375,0,0
2346,1,0
299,0,0
8038,0,0
7209,0,0
1410,0,0
6422,0,0
3011,0,0
5369,0,0
11275,0,0
5838,0,0
3245,0,0
6069,0,0
6178,0,0
9531,0,0
6052,0,0
8277,0,0
5773,0,0
11100,1,0
7219,0,0
861,0,0
381,0,0
10597,0,0
6389,0,0
2038,0,0
2797,0,0
2846,0,0
11475,0,0
575,0,0
10116,0,0
6171,1,0
3079,0,0
5478,0,0
6461,0,0
9395,0,0
8186,0,0
1068,0,0
7435,0,0
1577,0,0
4985,0,0
639,0,0
2807,0,0
619,0,0
3412,0,0
2869,0,0
1821,0,0
6187,0,0
9794,0,0
4953,0,0
3744,1,0
1431,0,0
2083,0,0
3606,0,0
8594,0,0
7289,0,0
5931,0,0
5783,0,0
3460,1,0
3080,0,0
6031,0,0
2146,0,0
9409,0,0
11349,0,0
6042,0,0
1709,0,0
7273,0,0
1340,0,0
9793,0,0
508,0,0
1449,0,0
8477,0,0
66,0,0
2609,0,0
7931,0,0
3042,0,0
10903,0,0
7498,0,0
6955,0,0
3655,0,0
9482,0,0
8162,0,0
4499,0,0
10000,0,0
6839,0,0
10692,0,0
2311,1,0
4268,0,0
6866,1,0
11154,0,0
2781,0,0
3363,0,0
7758,0,0
8790,1,0
1165,1,0
785,0,0
7009,0,0
462,0,0
9939,0,0
10553,0,0
7234,0,0
1197,0,0
1031,0,0
9648,0,0
2136,0,0
3419,1,0
5684,0,0
1112,0,0
3511,0,0
2099,0,0
3935,0,0
7577,0,0
9530,0,0
3777,0,0
4183,0,0
1103,0,0
10168,0,0
10425,0,0
9524,0,0
8092,0,0
732,0,0
7764,0,0
8960,0,0
11328,1,0
5072,0,0
9171,0,0
853,0,0
9711,1,0
7999,0,0
10848,1,0
5748,0,0
8192,0,0
8882,0,0
7192,1,0
10974,0,0
7960,0,0
6679,0,0
7250,0,0
6741,0,0
9448,1,0
9491,0,0
8864,0,0
1100,0,0
11282,0,0
2123,0,0
8029,0,0
8937,0,0
5518,0,0
6251,0,0
1870,0,0
5455,0,0
2271,0,0
7586,0,0
4380,1,0
5416,0,0
1962,0,0
8893,0,0
927,0,0
11299,0,0
774,1,0
6504,0,0
1506,0,0
1042,0,0
10804,0,0
5828,0,0
10132,0,0
3783,0,0
4067,0,0
3910,1,0
3449,0,0
5216,0,0
11039,0,0
6452,0,0
11138,0,0
649,0,0
8554,0,0
7859,0,0
3148,0,0
636,0,0
806,0,0
1184,0,0
4352,0,0
2849,0,0
5042,0,0
11771,0,0
1906,0,0
437,0,0
623,0,0
6865,0,0
10765,0,0
9796,0,0
10,0,0
7113,1,0
8224,0,0
1187,0,0
9389,0,0
4460,0,0
11584,0,0
7867,0,0
5813,0,0
5947,0,0
2650,0,0
2747,0,0
3324,1,0
5071,0,0
4606,0,0
6734,0,0
9397,0,0
5586,0,0
7874,0,0
6012,0,0
11733,0,0
10024,0,0
8096,0,0
7038,0,0
7923,0,0
1966,0,0
8333,0,0
4628,0,0
4915,0,0
10135,0,0
3219,0,0
5219,0,0
1191,0,0
10389,0,0
6449,1,0
7272,0,0
5435,0,0
3843,0,0
1654,0,0
7375,0,0
7774,0,0
3336,0,0
9405,1,0
5497,0,0
5075,0,0
950,0,0
8236,0,0
2411,0,0
3348,0,0
7714,0,0
2508,0,0
8329,0,0
6603,0,0
6270,0,0
8686,0,0
1071,0,0
7953,0,0
3689,0,0
10646,0,0
6567,0,0
6972,0,0
2981,1,0
9874,0,0
7950,1,0
10213,0,0
2131,0,0
8880,0,0
8247,0,0
5779,0,0
7894,0,0
10243,0,0
5680,0,0
1613,0,0
9116,0,0
10124,0,0
7288,0,0
2460,1,0
7827,0,0
6963,1,0
1904,0,0
5612,0,0
9331,0,0
1853,0,0
1521,1,0
1787,0,0
5778,0,0
3736,0,0
6314,0,0
4690,0,0
2282,0,0
6427,0,0
11696,0,0
6179,0,0
5411,0,0
2647,0,0
9651,0,0
591,0,0
6805,0,0
11595,0,0
9569,0,0
6695,0,0
10058,0,0
2040,0,0
6425,1,0
5844,0,0
105,0,0
10844,0,0
9801,0,0
1767,0,0
3865,0,0
6376,0,0
9548,0,0
5269,0,0
9193,0,0
2687,0,0
4680,0,0
6024,0,0
6387,0,0
11737,0,0
6302,0,0
2,0,0
3402,0,0
6072,0,0
7056,0,0
3327,0,0
7473,0,0
4298,0,0
10916,0,0
11448,1,0
11628,0,0
9538,0,0
9783,0,0
6256,0,0
10249,0,0
9782,0,0
2600,0,0
3790,0,0
7864,0,0
9035,0,0
9699,0,0
1438,1,0
11149,0,0
896,0,0
8141,0,0
8966,0,0
11578,0,0
6367,0,0
7614,0,0
9136,0,0
8756,0,0
4993,0,0
10160,0,0
1336,0,0
8106,0,0
1190,0,0
11062,0,0
10686,0,0
10802,0,0
6706,0,0
6660,0,0
2323,0,0
3314,0,0
599,0,0
7016,0,0
1024,0,0
10117,0,0
11658,0,0
10414,0,0
10398,0,0
7211,0,0
1884,1,0
5178,0,0
11558,0,0
10159,0,0
9923,0,0
7287,0,0
7773,0,0
9955,0,0
307,1,0
2112,0,0
893,0,0
11384,0,0
1276,0,0
2805,0,0
3118,0,0
5401,0,0
6832,1,0
8258,0,0
7336,0,0
2773,1,0
4027,0,0
6710,0,0
10758,0,0
5520,0,0
6793,0,0
3189,0,0
5149,0,0
9224,0,0
2502,1,0
8449,0,0
9971,0,0
10347,1,0
6111,0,0
7809,0,0
10199,0,0
1719,0,0
9574,0,0
7967,0,0
5679,0,0
7949,0,0
3861,0,0
6983,0,0
70,0,0
6575,0,0
6445,0,0
9049,1,0
6212,0,0
1804,0,0
7680,0,0
4647,0,0
8874,1,0
3082,0,0
10104,0,0
8867,0,0
9870,0,0
6912,0,0
11195,0,0
2920,0,0
6599,0,0
5057,0,0
2015,0,0
3530,0,0
3860,0,0
1048,0,0
2305,0,0
9122,0,0
10088,0,0
919,0,0
11265,0,0
3466,0,0
7990,0,0
7800,0,0
5850,0,0
10977,0,0
7487,0,0
6737,0,0
161,0,0
7845,0,0
3046,0,0
11255,0,0
3859,0,0
3871,0,0
10452,0,0
5641,0,0
130,0,0
4667,0,0
11008,0,0
6433,0,0
8501,0,0
9766,0,0
4102,0,0
8687,0,0
9914,0,0
2562,0,0
5717,1,0
7808,1,0
1408,0,0
10405,0,0
11302,0,0
10656,0,0
5303,0,0
11025,0,0
8946,1,0
10659,0,0
1357,0,0
3550,0,0
9261,0,0
4988,0,0
9563,0,0
225,0,0
2558,0,0
3921,0,0
4227,0,0
8508,0,0
4132,0,0
7934,0,0
5502,0,0
2028,0,0
7237,0,0
1857,0,0
3676,0,0
3452,0,0
2817,0,0
851,0,0
3556,0,0
9298,0,0
7459,1,0
5155,0,0
3070,0,0
2224,0,0
10799,0,0
1462,1,0
3820,0,0
8113,0,0
6725,0,0
10587,0,0
8548,1,0
438,0,0
11188,0,0
3950,0,0
7681,0,0
10102,0,0
9889,0,0
10746,0,0
11099,0,0
1096,0,0
11515,0,0
10920,0,0
2952,1,0
4768,0,0
3906,0,0
4314,0,0
11594,1,0
10603,0,0
2287,0,0
6049,0,0
5251,0,0
9043,1,0
4859,0,0
5056,0,0
2594,0,0
3047,0,0
7008,0,0
5020,0,0
4862,0,0
10004,0,0
405,0,0
5403,0,0
8746,0,0
7936,0,0
8546,0,0
2518,0,0
8584,0,0
9754,0,0
9398,0,0
7667,0,0
4166,0,0
10357,0,0
2159,0,0
8066,0,0
6059,0,0
2387,0,0
3886,1,0
8395,0,0
9954,0,0
4542,0,0
6193,0,0
7017,0,0
5221,0,0
9286,0,0
5712,0,0
6332,0,0
10877,0,0
4063,0,0
10923,0,0
8989,0,0
3687,0,0
1505,0,0
10239,0,0
2127,1,0
5288,0,0
1498,1,0
4699,0,0
3432,0,0
171,0,0
6975,0,0
261,1,0
8144,0,0
2749,1,0
2871,0,0
5098,0,0
8357,0,0
6991,0,0
6484,1,0
6588,0,0
961,0,0
6246,0,0
4262,0,0
260,0,0
11144,0,0
8529,0,0
5195,1,0
11575,0,0
1283,0,0
1763,0,0
3835,0,0
7539,0,0
10002,0,0
2177,0,0
11586,0,0
10823,0,0
3369,0,0
10312,0,0
10640,0,0
2706,0,0
5011,0,0
1458,0,0
11598,0,0
7731,0,0
996,0,0
4714,0,0
8738,0,0
925,0,0
7169,0,0
6215,1,0
6555,0,0
10927,0,0
6003,0,0
2198,0,0
3851,0,0
2283,0,0
1832,0,0
6581,0,0
9263,0,0
698,0,0
3975,0,0
3604,0,0
9281,0,0
4176,0,0
1272,1,0
5477,0,0
3605,0,0
10430,0,0
11331,0,0
9018,0,0
2676,0,0
10118,0,0
11652,1,0
921,0,0
2550,1,0
4948,0,0
1194,0,0
3623,0,0
6172,0,0
11143,0,0
8835,0,0
8158,0,0
9967,0,0
5697,0,0
5420,0,0
4179,0,0
3390,0,0
7725,0,0
4204,0,0
659,0,0
10092,0,0
10575,0,0
10403,0,0
1478,0,0
11371,0,0
11093,0,0
3027,0,0
8837,0,0
3238,0,0
11234,0,0
9348,0,0
4023,0,0
864,0,0
7506,0,0
9312,1,0
8669,0,0
6729,1,0
5130,1,0
9180,0,0
9987,0,0
6155,1,0
318,0,0
1382,0,0
4392,0,0
3004,0,0
3547,0,0
10211,0,0
8719,0,0
8811,0,0
12,0,0
2784,1,0
3849,0,0
5421,0,0
6407,0,0
2286,0,0
4875,0,0
5443,0,0
467,0,0
3555,0,0
2288,0,0
11787,0,0
4775,0,0
3175,0,0
9554,0,0
6473,1,0
11182,0,0
4474,0,0
10511,0,0
5003,0,0
3212,0,0
11407,0,0
6444,0,0
3364,0,0
1417,0,0
1248,0,0
6677,0,0
9544,0,0
2886,0,0
2763,0,0
1553,0,0
4090,0,0
8416,0,0
2791,0,0
11257,0,0
10648,0,0
2264,0,0
2969,0,0
10504,0,0
6928,0,0
6944,0,0
3925,0,0
3488,0,0
6471,0,0
4376,0,0
2454,0,0
1721,0,0
9076,0,0
10579,0,0
2295,0,0
2363,0,0
8373,0,0
10155,0,0
2530,0,0
9826,1,0
10599,0,0
5363,0,0
9655,0,0
5187,0,0
1369,0,0
7905,0,0
9810,0,0
9803,0,0
11386,0,0
993,0,0
2155,0,0
4303,0,0
1436,0,0
4676,0,0
4553,0,0
1935,0,0
9251,0,0
180,0,0
154,0,0
6980,0,0
5174,0,0
1246,0,0
7843,0,0
7994,0,0
2589,1,0
4679,0,0
10914,0,0
4272,0,0
11777,0,0
4706,0,0
2793,0,0
7710,0,0
9577,0,0
8518,0,0
11672,1,0
11731,0,0
6519,1,0
9071,0,0
9264,0,0
11490,0,0
1611,0,0
6548,0,0
5943,0,0
5811,1,0
10411,1,0
6947,0,0
208,0,0
4153,0,0
8604,0,0
3875,0,0
5152,1,0
11470,0,0
2665,0,0
139,0,0
8296,0,0
11624,0,0
1422,0,0
6714,0,0
221,0,0
1953,0,0
6958,0,0
7018,0,0
2320,0,0
10113,0,0
7370,0,0
6857,1,0
4904,0,0
4705,1,0
9430,0,0
706,0,0
4188,1,0
3068,0,0
9999,0,0
10755,0,0
11348,0,0
10517,0,0
7400,0,0
10621,0,0
7751,0,0
8907,0,0
7971,0,0
233,0,0
6485,0,0
8667,0,0
760,0,0
4766,0,0
7258,0,0
5287,0,0
5415,0,0
9602,0,0
9248,0,0
2868,0,0
10738,0,0
6,0,0
573,0,0
9912,0,0
525,1,0
11249,0,0
4794,0,0
11454,1,0
9709,0,0
4941,0,0
3264,0,0
4946,0,0
4018,0,0
3949,0,0
2942,1,0
5461,0,0
8145,1,0
256,0,0
3770,0,0
11449,0,0
3438,0,0
9780,0,0
702,0,0
302,0,0
11153,0,0
9981,0,0
5700,0,0
6880,0,0
6399,0,0
7297,0,0
878,0,0
7421,1,0
7519,0,0
8895,1,0
4672,0,0
10506,0,0
9442,0,0
3040,1,0
9756,0,0
2777,0,0
1974,0,0
7826,0,0
7372,0,0
7693,0,0
2219,0,0
5807,0,0
5761,0,0
933,1,0
737,0,0
6655,0,0
10395,1,0
377,0,0
1468,0,0
10150,1,0
10942,0,0
1125,0,0
10846,0,0
3749,0,0
3612,1,0
170,0,0
4579,0,0
1632,0,0
4642,0,0
7364,0,0
5337,0,0
10907,1,0
10644,0,0
5017,0,0
5719,0,0
3115,0,0
10218,0,0
7927,0,0
1171,0,0
11656,0,0
10305,0,0
6876,0,0
3469,0,0
5207,0,0
4512,0,0
7004,0,0
941,0,0
5660,0,0
3518,0,0
7103,0,0
6945,0,0
5957,0,0
8592,0,0
11701,0,0
8908,0,0
2080,0,0
7553,0,0
5674,0,0
6789,1,0
4003,0,0
3073,0,0
5479,0,0
2544,0,0
5988,0,0
11774,0,0
3225,0,0
2154,0,0
1702,0,0
7396,0,0
6648,0,0
2350,0,0
4929,0,0
8655,0,0
117,0,0
5885,0,0
7306,1,0
1226,0,0
11303,0,0
6572,0,0
10987,0,0
5637,0,0
9557,0,0
4301,0,0
4730,0,0
9925,0,0
1359,1,0
410,1,0
8498,0,0
11005,0,0
6139,1,0
1807,0,0
4728,0,0
7083,0,0
8412,0,0
6336,0,0
2253,1,0
80,0,0
8574,0,0
9499,0,0
4802,0,0
11503,0,0
4870,0,0
9431,1,0
8503,0,0
4795,0,0
313,0,0
143,0,0
3036,0,0
9024,0,0
8365,0,0
8118,0,0
10855,0,0
4391,0,0
3462,0,0
4214,0,0
4719,1,0
6781,0,0
10879,0,0
1399,0,0
10037,0,0
844,0,0
7691,0,0
1933,0,0
6614,1,0
730,0,0
4545,1,0
3054,0,0
5839,0,0
6802,1,0
8265,0,0
1437,0,0
1558,0,0
469,0,0
9008,0,0
209,0,0
10671,0,0
7649,0,0
5397,0,0
563,0,0
2708,0,0
10370,0,0
3691,0,0
10569,0,0
2624,0,0
8036,0,0
10181,0,0
10910,0,0
4790,0,0
7196,0,0
406,0,0
2116,0,0
4798,0,0
687,0,0
10400,0,0
9141,0,0
4737,0,0
8634,0,0
10851,0,0
10045,0,0
10494,0,0
4688,0,0
8239,0,0
7323,0,0
6355,0,0
7106,0,0
4842,0,0
8007,0,0
2299,0,0
7255,0,0
9074,0,0
5734,0,0
4396,0,0
5308,0,0
9121,0,0
9473,0,0
9787,0,0
11758,0,0
2067,0,0
10627,0,0
6124,0,0
1162,0,0
7588,0,0
8782,0,0
1487,0,0
9540,0,0
5922,0,0
8427,0,0
3262,1,0
4224,0,0
3045,0,0
4556,1,0
7391,0,0
6878,0,0
8905,0,0
6633,0,0
2663,0,0
11513,0,0
5890,0,0
915,0,0
538,0,0
776,0,0
3430,1,0
5399,0,0
2778,1,0
1606,0,0
10734,0,0
7028,0,0
7213,0,0
4972,0,0
6076,0,0
5180,0,0
3222,0,0
5723,0,0
8889,0,0
5129,0,0
11729,0,0
916,0,0
4264,0,0
586,0,0
3570,0,0
10399,0,0
2909,0,0
1324,0,0
10466,0,0
5024,0,0
82,0,0
4411,0,0
7026,0,0
9797,0,0
4739,0,0
10501,0,0
4748,0,0
5280,0,0
10886,0,0
10763,0,0
3418,0,0
1556,0,0
7569,0,0
9390,0,0
11679,0,0
5173,1,0
6675,0,0
2716,0,0
8272,1,0
6177,1,0
8903,0,0
3051,0,0
775,0,0
11479,0,0
3108,0,0
11242,0,0
9150,0,0
6065,0,0
1543,1,0
3065,0,0
4895,0,0
9704,0,0
3631,0,0
978,0,0
4282,0,0
10770,0,0
4113,0,0
8243,0,0
10768,0,0
5903,0,0
4598,0,0
2055,0,0
10972,0,0
2444,0,0
9165,0,0
6808,0,0
8350,1,0
6709,0,0
1934,0,0
11347,0,0
8887,0,0
6995,1,0
11362,0,0
7394,0,0
714,0,0
7726,0,0
3400,0,0
7405,1,0
11535,0,0
7185,0,0
8326,0,0
11096,0,0
10854,0,0
1182,0,0
4958,0,0
7763,0,0
10464,0,0
5843,0,0
6667,0,0
246,0,0
9478,0,0
6016,0,0
10195,0,0
9055,0,0
8441,0,0
3302,0,0
2290,0,0
10119,0,0
3182,0,0
3154,0,0
291,0,0
6903,1,0
7796,0,0
1948,1,0
3521,0,0
9155,1,0
9693,0,0
10137,0,0
9375,0,0
2842,1,0
2616,0,0
7133,0,0
3839,0,0
2352,0,0
11541,0,0
7552,0,0
3994,0,0
8511,0,0
6794,0,0
3194,0,0
10729,0,0
7978,0,0
4021,0,0
2301,0,0
7291,0,0
7434,0,0
1698,0,0
763,0,0
11615,0,0
6712,1,0
4211,0,0
8263,0,0
4297,0,0
7320,0,0
601,0,0
8991,0,0
6689,0,0
9605,1,0
8730,0,0
5016,0,0
2263,0,0
4374,0,0
6301,0,0
8764,1,0
11398,0,0
8788,0,0
444,0,0
7889,0,0
23,0,0
8684,1,0
9365,0,0
4601,1,0
9682,0,0
8712,0,0
8931,1,0
1516,0,0
11630,0,0
4467,0,0
1858,1,0
8957,0,0
9149,0,0
3320,0,0
10709,0,0
1835,0,0
9303,0,0
10381,0,0
10383,0,0
5540,0,0
1960,0,0
3526,0,0
6754,0,0
10713,0,0
8879,0,0
2270,0,0
3277,0,0
8510,0,0
8562,0,0
2905,0,0
1168,0,0
9767,0,0
3166,0,0
4786,0,0
7798,0,0
4005,0,0
1202,0,0
10131,0,0
7270,0,0
6542,0,0
11061,0,0
3983,0,0
9619,0,0
9087,0,0
8631,1,0
10993,0,0
9161,0,0
992,1,0
1942,0,0
7585,0,0
6861,0,0
5348,0,0
8248,0,0
6287,0,0
10615,0,0
7149,1,0
1183,0,0
4951,0,0
1826,0,0
11736,0,0
4654,1,0
4112,0,0
9095,0,0
4124,0,0
10888,0,0
4709,0,0
9694,0,0
8044,0,0
7516,1,0
6096,0,0
6217,0,0
6785,0,0
10311,0,0
8768,0,0
11071,0,0
2053,0,0
5552,0,0
6532,0,0
9591,0,0
10849,0,0
4189,1,0
1638,0,0
10410,0,0
1135,0,0
8177,0,0
2760,0,0
2543,0,0
11768,0,0
5286,0,0
8334,0,0
855,0,0
8717,0,0
7551,1,0
4159,0,0
4152,0,0
7401,0,0
10457,0,0
7733,0,0
2304,0,0
22,1,0
5460,0,0
5283,0,0
289,0,0
5018,0,0
10281,0,0
7910,0,0
2957,0,0
1445,0,0
7060,0,0
2312,0,0
4638,0,0
8322,0,0
7992,0,0
10215,0,0
11164,0,0
2915,0,0
11113,0,0
8290,0,0
10957,0,0
1036,0,0
8316,0,0
3903,0,0
3209,0,0
5463,0,0
5246,1,0
7598,0,0
6896,0,0
4120,0,0
3822,0,0
6848,0,0
7814,0,0
4061,0,0
6103,0,0
8979,0,0
8747,0,0
9472,0,0
5647,0,0
8355,0,0
1298,0,0
3151,0,0
10185,0,0
4156,0,0
3396,0,0
7231,0,0
1084,0,0
6015,0,0
6315,0,0
6272,0,0
6317,0,0
5654,0,0
804,0,0
6080,0,0
598,0,0
537,0,0
336,0,0
7413,0,0
8140,0,0
6035,1,0
6595,1,0
9976,1,0
2384,0,0
10790,0,0
4248,1,0
6415,0,0
4141,0,0
795,0,0
6680,0,0
1342,1,0
11057,0,0
1450,0,0
1317,0,0
9245,0,0
871,0,0
10036,0,0
2241,1,0
10566,0,0
2204,0,0
8041,0,0
4702,0,0
7538,0,0
1557,0,0
8219,0,0
1065,0,0
4820,0,0
4496,0,0
2340,1,0
1311,0,0
10358,0,0
4238,0,0
9928,0,0
3218,0,0
615,0,0
8423,0,0
1909,0,0
10545,0,0
7734,0,0
9019,1,0
6898,0,0
958,0,0
1503,0,0
4210,0,0
11125,0,0
